Title,Company,Location,Posted
"Python Developer , Python , Python Full stack",Peopleplease Consulting,N/A,a month ago
Python Developer,LAKSH HUMAN RESOURCE,N/A,few days ago
Python Developer,Analytics Vidhya,N/A,6 days ago
Python Developer,zenga tv,N/A,few days ago
Python Developer,SEVEN CONSULTANCY,N/A,few days ago
Python Engineer,east india securities ltd.,N/A,few days ago
Python Developer,xonier technologies pvt ltd,N/A,few days ago
PYTHON TRAINER,CONNECTING 2 WORK,N/A,few days ago
Python Developer,day1 technologies,N/A,few days ago
Python Developer,Infocom Software,N/A,1 day ago
Python Developer,Infocom Software,N/A,1 day ago
Python Developer,Infocom Software,N/A,1 day ago
Python Developer,SEVEN CONSULTANCY,N/A,few days ago
Python Engineer,Analytics Vidhya,N/A,6 days ago
PYTHON Developer,INFINITY GROUP,N/A,few days ago
PYTHON DEVELOPER,DREAMAJAX TECHNOLOGIES,N/A,few days ago
Python Developer,Datagrid Solutions,N/A,few days ago
Python Developer,magnarus technologies private limited,N/A,6 days ago
Python Developer,Analytics Vidhya,N/A,6 days ago
Python Developer,WBC Software Lab,N/A,few days ago
Python Developer,Advaiya Solutions Pvt Ltd,N/A,few days ago
Python Developer,Movate technologies limited,N/A,few days ago
Python Developer,SEVEN CONSULTANCY,N/A,few days ago
Python Developer,SEVEN CONSULTANCY,N/A,few days ago
Python Developer,InnOvator Web Solutions Pvt.Ltd.,N/A,few days ago
